epoch,accuracy,loss,val_accuracy,val_loss
0,0.8310999870300293,0.6845713257789612,0.8931999802589417,0.3969808518886566
1,0.8982833623886108,0.3650001585483551,0.9039000272750854,0.3358347415924072
2,0.9094833135604858,0.32453763484954834,0.9135000109672546,0.3138377368450165
3,0.9139833450317383,0.30679112672805786,0.9146999716758728,0.3043869733810425
