epoch,accuracy,loss,val_accuracy,val_loss
0,0.21506667137145996,1.9225713014602661,0.2493000030517578,1.8176175355911255
